Name,Website,Email,Phone
"Action Spring Co.","https://www.actionspringco.com/","",""
"Advantage Sales & Supply","","",""
"Adventure Coast Manufacturing","","",""
"Affiliated Resources Inc","","",""
"Aftermarket Websites","","",""
"AGRI-COVER INC","","",""
"AGS Company","","",""
"Air Hitch Technology","","",""
"Air-Flo Manufacturing","","",""
"Air-Tow Trailers","","",""
"Alcom LLC","https://www.alcomusa.com/","",""
"Allegiance Merchant Services","","",""
"AllPro Distributing","","",""
"Altor Locks","","",""
"Aluma Trailers","https://alumaklm.com/","",""
"Anderson Manufacturing","http://www.andersontrailers.com","",""
"Anthony Wood Treating","","",""
"Anvil Lock","","",""
"Anvil Trailer LLC","","",""
"AP Products","","",""
"Apex Trailers","","",""
"ArrowTrail","","",""
"ASA Electronics","","",""
"Asquare Parts Inc.","","",""
"ATC","","",""
"ATW","https://www.atw.com/","",""
"Automotive International Inc","","",""
"Autowbrake","https://getautowbrake.com/","",""
"Avery Dennison Reflective Solutions","","",""
"B&W Trailer Hitches","","",""
"Bailey","","",""
"Bear Track Trailers","","",""
"Bearing Buddy Inc","","",""
"Bedrock Truck Beds","","",""
"Behnke Trailers","","",""
"Belmont Trailers LLC","","",""
"Bennett DriveAway","https://www.bennettig.com/","",""
"Besler Industries Inc.","","",""
"Big Tex Trailers","https://www.bigtextrailers.com","",""
"Black Rhino Manufacturing Inc.","https://blackrhinotrailer.com/","",""
"Blackpurl","https://blackpurl.com/","",""
"Blaylock American Metal","https://www.blaylockind.com/","",""
"Blue Ox","https://bludotinc.com/","",""
"Blue Ridge Manufacturing LLC","","",""
"BND Trailers LLC","","",""
"Boeckmann Fahrzeugwerke GmbH","","",""
"BOS Jockey wheels","","",""
"Bostail","","",""
"Botkin Lumber Company","","",""
"Brandt Industries USA Limited","","",""
"Bravo Trailers LLC","","",""
"Brok Products","","",""
"Bucher Hydraulics Inc.","","",""
"Buckshot Trailers","","",""
"Bulldog Mfg LLC","","",""
"Bulldog Winch Co LLC","","",""
"BulletProof Hitches","https://www.bulletproofhitches.com/","",""
"Butler Products","","",""
"Buyers Products Company","","",""
"BWise Trailers","","",""
"C.R. Brophy Machine Works","","",""
"C3 Rentals","","",""
"Caliber Inc.","","",""
"Caliber Trailers","","",""
"Cargo Equipment Corporation","","",""
"Cast Products Inc.","","",""
"CatTongue Grips","","",""
"CellTech Trailers","","",""
"Champion Hoist & Equipment","","",""
"Chekkit","","",""
"Choice Trailer Products","","",""
"Clicklease","https://www.clicklease.com/","",""
"CM Truck Beds","https://cmtruckbeds.com/","",""
"Coastal Trailers Rent to Own","","",""
"COMEUP USA Inc.","","",""
"Connected Correctly LLC","","",""
"Continental Battery Systems","","",""
"Counteract Balancing Beads","","",""
"Covered Wagon Trailers","","",""
"Creative Business Solutions","","",""
"Currahee Trailers LLC","","",""
"CURT","","",""
"Dalton Hydraulics","","",""
"Darkhorse Cargo Inc.","","",""
"Davis Village Solutions LLC","","",""
"DC CARGO","","",""
"Deal Sector","","",""
"Dealer Attract","","",""
"DealerPRO Training","","",""
"Dealership Performance 360 CRM","","",""
"Delco Trailers","https://delcotrailers.com/","",""
"Delta Trailers","http://www.deltatrailers.com","",""
"Demco","https://www.demco-products.com/","",""
"Deutsche Hydrapro","","",""
"Dexstar Wheel","","",""
"Dexter","https://www.dextergroup.com/","",""
"Diamond C Trailers","","",""
"Diamond T Trailer Mfg","","",""
"DK2 Warrior Winches","","",""
"DLH Fluid Power Inc.","","",""
"DLL","","",""
"Doolittle Trailer Mfg. Inc.","http://doolittletrailers.com/","",""
"Down 2 Earth Trailers","","",""
"Dura-Haul Trailers LLC","","",""
"Eagle Hydraulic","","",""
"ELEASE Funding Inc.","","",""
"Elkhart Trailer Company","","",""
"EMPIRE CARGO TRAILERS","","",""
"EQ Systems","","",""
"ESCO","","",""
"FAB Parts USA","","",""
"Fill-Rite","","",""
"FIRMAN Power Equipment","","",""
"FLCC FINANCING","","",""
"FLOE International","","",""
"Franklin Trailer Parts","","",""
"Freedom Trailers LLC","","",""
"GEN-Y Hitch","","",""
"Geoforce","","",""
"GoodGuys Trailers LLC","","",""
"GR Trailers LLC","","",""
"Green Touch Ind./TrailerRacks.com","","",""
"Gridiron Custom Tool Storage","","",""
"Hapn","","",""
"Harp's Tarps","","",""
"HAUL-ABOUT LLC","","",""
"Heskins LLC","","",""
"Highlands Financial Inc.","","",""
"Hillcrest Trailers","","",""
"Hillsboro Industries","","",""
"HITCHCOIL","","",""
"Homesteader LLC","","",""
"Hometowne Capital","http://hometownecapital.com","",""
"Hoof Grip Livestock Flooring","","",""
"Hopkins Manufacturing","","",""
"Horizon Global","","",""
"Horizon Trailers LLC","","",""
"HorseTrailerTrader.com","","",""
"HSI/Duratek","","",""
"Husky Towing Products","","",""
"Hydrastar","https://hydrastarusa.com/","",""
"Ideal Cargo Inc.","","",""
"Ideal Computer Systems","","",""
"Industrial Wood Technology","","",""
"Innovative Products of America","","",""
"Insperity","https://www.insperity.com/","",""
"Iowa Spring MFG","","",""
"Iron Bull Trailers","https://norstarcompany.com/iron-bull-trailers/","",""
"Iron Ox Products LLC","","",""
"Iron Star Manufacturing","","",""
"Jammy Inc","","",""
"JKD Products Inc.","","",""
"K-Trail Inc","","",""
"Karavan Trailers","https://www.karavantrailers.com/","",""
"Kenda Americana Tire & Wheel","","",""
"Kenny & Gyl Company","","",""
"KTI Hydraulics Inc.","https://www.ktihydraulicsinc.com","",""
"KYCS Global Inc.","","",""
"Lamar Trailers Inc.","https://www.lamartrailers.com/","",""
"LandAirSea Asset Protection","https://landairsea.com/","",""
"Larchmont & Transamerica","","",""
"LaVanture Products Company","http://www.lavanture.com","",""
"Legend Manufacturing Inc","https://legendmfginc.com/","",""
"Liberty Trailers","https://libertytrailers.com/","",""
"Lightspeed","","",""
"LINK Trailer","","",""
"Lionshead Specialty Tire & Wheel LLC","","",""
"Load Trail","http://www.loadtrail.com","",""
"Lotus Preferred Funding","","",""
"M. H. Eby Inc.","","",""
"Magnum Lift Systems","","",""
"Mahindra","","",""
"Mankiewicz Coatings LLC","","",""
"Marvel Industrial Coatings","","",""
"Master Tow Inc","","",""
"Maven Rentals","","",""
"MAXX-D Trailers","","",""
"MAZO Capital Solutions","","",""
"MBA Insurance","","",""
"McGriff Insurance","","",""
"Mile Marker Industries","","",""
"Miller Auto Technology","","",""
"Motility Software Solutions","","",""
"MTE Hydraulics Inc","","",""
"N&N Trailers Inc","","",""
"Norstar","","",""
"Northpoint Commercial Finance","","",""
"Novae LLC","http://www.novaecorp.com","",""
"Ormandy Software","","",""
"Orrco International","","",""
"PassTime","","",""
"PCR TIRES LTD CO","","",""
"Phoenix USA Inc.","","",""
"Piedmont Plastics Inc.","","",""
"PJ Trailers","","",""
"Podium","","",""
"Polar King Mobile","","",""
"Polar Temp","","",""
"Pollak","","",""
"PopUp Towing Products","","",""
"PPG Commercial Coatings","","",""
"Priefert Steel","","",""
"Primo Corporations","","",""
"Pro-Series Batteries","","",""
"Proform Group Inc.","","",""
"Proven Industries Inc","http://www.provenlocks.com","",""
"PullRite Towing Systems","","",""
"QAI Laboratories Ltd.","","",""
"Quadra Bigfoot","","",""
"RacingJunk.com","http://www.racingjunk.com","",""
"Radius Recycling","","",""
"Rainman Digital","","",""
"RAM Trailer Products","","",""
"The Ratchet Depot","https://www.ratchetdepot.com/","",""
"RawMaxx Trailers","http://www.rawmaxx.com","",""
"RC INDUSTRIES","","",""
"Record360","","",""
"RecovR","","",""
"Red Oak Inventory Finance","https://redoakinventoryfinance.com","",""
"REDARC Corporation","","",""
"Rhino Tire USA","","",""
"Rice Trailers","","",""
"Ridewell Suspensions","","",""
"Riechers Truck Bodies","","",""
"RoadActive Suspension","","",""
"Rock Solid Cargo","","",""
"Rock Solid Funding","","",""
"RS Supply LLC","","",""
"Rumber Materials LLC","","",""
"S & B Custom Innovation","","",""
"S&S Trailers","","",""
"SH Distributing Inc","","",""
"Sheffield Financial","","",""
"Shelby Trailer Service LLC","","",""
"Sherwin-Williams","https://www.sherwin-williams.com/","",""
"Shocker Hitch","","",""
"Shur-Co","","",""
"Side Kick Attachments","","",""
"SilverMountain Trailers","","",""
"Snappin Turtle Tie Down Products","","",""
"Solectrac Electric Tractors","","",""
"Southern Utility Trailers LLC","","",""
"Southland Trailer Corp.","","",""
"Southwire","","",""
"Specialty Product Technologies","","",""
"Spring Creek Products","","",""
"Stallion Manufacturing","","",""
"StateWide Windows","","",""
"Statistical Surveys","","",""
"Stealth Trailers","","",""
"Stehl Tow","","",""
"Stillwell Inc.","","",""
"Sundowner Trailers","","",""
"SunLite Trailers Inc","","",""
"Super Champion Inc","","",""
"Super Duty Fans","","",""
"SureTrac Inc.","https://sure-trac.com/","",""
"Sutong Tire Resources Inc.","","",""
"SWIFT BUILT LLC","","",""
"Synchrony","","",""
"Taskmaster Components","","",""
"TecNiq Inc.","https://tecniqinc.com/","",""
"Terran Industries","https://terranindustries.com/","",""
"Test Buddy by SC Trailer LLC","","",""
"The Raynor Company","","",""
"The Trailer Parts Outlet","","",""
"Tie 4 Safe","","",""
"Timpte Inc.","","",""
"Tony's Trailer Accessories","","",""
"TowKing","","",""
"Trailer Solutions Financial","","",""
"TrailerCentral","","",""
"TrailerFunnel","","",""
"Trailertrader.com","","",""
"Transax","","",""
"Tredit Tire and Wheel Company","","",""
"Trim-Lok Inc.","","",""
"Trio Capital","https://triocapital.com/","",""
"Triple L Group","","",""
"Triumph Trailers","","",""
"TRP International/DeeMaxx","https://trpintl.com/","",""
"Truck and Trailer Makers","","",""
"Truist Merchant Services","","",""
"UFP Construction","","",""
"Ultra-Fab","","",""
"Unique Fastener 2020 LLC","","",""
"United Axle","","",""
"United Treating and Distribution LLC","","",""
"Valcrum LLC","","",""
"Viper USA","https://www.viperusa.com/","",""
"Vision LED","","",""
"VoltSwitchGPS","","",""
"W-W Trailer Mfg.","https://wwtrailer.com/","",""
"Warrior Winches USA","","",""
"Watchdog Trailers","","",""
"Waymire Distribution","","",""
"Weaver Distributing LLC","","",""
"WebbRes","","",""
"Weigh Safe","","",""
"Wells Fargo Commercial Distribution Finance","","",""
"Westan Insurance Group Inc.","","",""
"WestCoastGPS","","",""
"Westin Automotive Products","","",""
"Whitesell Supply","","",""
"Wieland Metal Services","","",""
"Wil-Ro Inc.","","",""
"Willbanks Metals Inc","","",""
"Wilson Trailer","","",""
"Zimmerman Trailers","","",""