company,vertical,email,phone,website,state,contact_name,contact_title,member_since,service_codes,score,outreach_template,linkedin_search
"AAA Machinery Services, Inc.",Crane & Rigging,javier@aaamachineryriggersinc.com,(305) 836-9945,https://www.aaamachineryriggers.com,FL,,,2025,C-Crane & RiggingT-Transportation,110,crane-rigging,"""AAA Machinery Services, Inc."" owner OR CEO OR president site:linkedin.com"
Aber's Towing & Crane Service Inc.,Crane & Rigging,aaron@aberscrane.com,(419) 289-1741,https://www.aberscrane.com,OH,,,2017,C-Crane & RiggingO-Oil FieldT-Transportation,110,crane-rigging,"""Aber's Towing & Crane Service Inc."" owner OR CEO OR president site:linkedin.com"
Active Crane Rentals,Crane & Rigging,hs@activecrane.com,(302) 998-1000,https://www.activecrane.com,DE,,,2024,C-Crane & RiggingT-Transportation,110,crane-rigging,"""Active Crane Rentals"" owner OR CEO OR president site:linkedin.com"
Adkins Export Packing and Machinery Movers,Crane & Rigging,cmaloneadkins@gmail.com,(502) 583-5551,https://www.adkinsinc.com,KY,,,1988,C-Crane & RiggingI-InternationalM-MillwrightS-SteelT-Transportation,110,crane-rigging,"""Adkins Export Packing and Machinery Movers"" owner OR CEO OR president site:linkedin.com"
Advanced Freight Dynamics LLC,Crane & Rigging,steven@afd-web.com,(281) 651-5462,https://www.afd-web.com,TX,,,2018,C-Crane & RiggingT-Transportation,110,crane-rigging,"""Advanced Freight Dynamics LLC"" owner OR CEO OR president site:linkedin.com"
Advanced Freight Dynamics LLC (B),Crane & Rigging,steven@afd-web.com,(281) 651-5462,https://www.afd-web.com,TX,,,,C-Crane & RiggingT-Transportation,110,crane-rigging,"""Advanced Freight Dynamics LLC (B)"" owner OR CEO OR president site:linkedin.com"
"AK Contratistas Industriales De Mexico, S.A. De C.V. (B)",Crane & Rigging,marnett@akic.net,(52) 81 8289-2200,https://www.akic.us,,,,2001,C-Crane & RiggingI-InternationalM-MillwrightT-Transportation,110,crane-rigging,"""AK Contratistas Industriales De Mexico, S.A. De C.V. (B)"" owner OR CEO OR president site:linkedin.com"
"AK Industrial Contractors, Inc.",Crane & Rigging,marnett@akic.net,(501) 268-7827,https://www.akic.us,AR,,,1989,C-Crane & RiggingI-InternationalM-MillwrightT-Transportation,110,crane-rigging,"""AK Industrial Contractors, Inc."" owner OR CEO OR president site:linkedin.com"
"Alliance Riggers & Constructors, Ltd.",Crane & Rigging,aconde@allianceriggers.com,(915) 591-4513,https://www.allianceriggers.com,TX,,,1998,C-Crane & RiggingT-Transportation,110,crane-rigging,"""Alliance Riggers & Constructors, Ltd."" owner OR CEO OR president site:linkedin.com"
Americrane Rentals,Crane & Rigging,jrobertson@americraneusa.com,(210) 651-3644,https://www.americraneusa.com,TX,,,2019,C-Crane & RiggingM-MillwrightT-Transportation,110,crane-rigging,"""Americrane Rentals"" owner OR CEO OR president site:linkedin.com"
AMISA Group International,Crane & Rigging,raulgal@amisagroup.com,+52 811 100 1906,https://www.amisagroup.com,NL,,,2024,C-Crane & RiggingI-InternationalM-MillwrightT-Transportation,110,crane-rigging,"""AMISA Group International"" owner OR CEO OR president site:linkedin.com"
Atlas Industrial Contractors LLC,Crane & Rigging,rayb@atlascos.com,(614) 841-4500,https://www.atlascos.com,OH,,,1965,C-Crane & RiggingM-MillwrightT-Transportation,110,crane-rigging,"""Atlas Industrial Contractors LLC"" owner OR CEO OR president site:linkedin.com"
B & B Contracting Inc.,Crane & Rigging,Melissah@bbcontractinging.com,(605) 226-1468,https://www.bbcontractinginc.com,SD,,,2016,C-Crane & RiggingT-Transportation,110,crane-rigging,"""B & B Contracting Inc."" owner OR CEO OR president site:linkedin.com"
"B&K Equipment, LLC",Crane & Rigging,JRKeeney@bkequipment.com,(570) 746-6262,https://www.nepacrane.com,PA,,,2019,C-Crane & RiggingO-Oil FieldT-Transportation,110,crane-rigging,"""B&K Equipment, LLC"" owner OR CEO OR president site:linkedin.com"
Baker Rigging Llc,Crane & Rigging,sales@bakerrigging.com,(480) 939-4233,https://www.bakerrigging.com,AZ,,,2022,C-Crane & RiggingT-Transportation,110,crane-rigging,"""Baker Rigging Llc"" owner OR CEO OR president site:linkedin.com"
Barton Malow Rigging,Crane & Rigging,tom.goolsby@bartonmalow.com,(248) 548-5000,https://www.bartonmalow.com,MI,,,1993,C-Crane & RiggingM-MillwrightT-Transportation,110,crane-rigging,"""Barton Malow Rigging"" owner OR CEO OR president site:linkedin.com"
Bay Crane Midwest,Crane & Rigging,bgibson@baycrane.com,(614) 278-2120,https://www.baycrane-mw.com,OH,,,1995,C-Crane & RiggingM-MillwrightT-Transportation,110,crane-rigging,"""Bay Crane Midwest"" owner OR CEO OR president site:linkedin.com"
Bay Crane Midwest (B),Crane & Rigging,sburkholder@baycrane.com,(412) 221-0330,https://www.baycrane-mw.com,PA,,,,C-Crane & RiggingM-MillwrightT-Transportation,110,crane-rigging,"""Bay Crane Midwest (B)"" owner OR CEO OR president site:linkedin.com"
Bay Crane Midwest (B),Crane & Rigging,cbabbitt@baycrane.com,(219) 321-9799,https://www.baycrane-mw.com,IN,,,,C-Crane & RiggingM-MillwrightT-Transportation,110,crane-rigging,"""Bay Crane Midwest (B)"" owner OR CEO OR president site:linkedin.com"
Bay Crane Midwest (B),Crane & Rigging,mstephens@baycrane.com,(216) 441-1400,https://www.baycrane-mw.com,OH,,,,C-Crane & RiggingM-MillwrightT-Transportation,110,crane-rigging,"""Bay Crane Midwest (B)"" owner OR CEO OR president site:linkedin.com"
Bay Crane Midwest (B),Crane & Rigging,awilson@baycrane.com,(740) 521-4646,https://www.baycrane-mw.com,OH,,,,C-Crane & RiggingM-MillwrightT-Transportation,110,crane-rigging,"""Bay Crane Midwest (B)"" owner OR CEO OR president site:linkedin.com"
Bay Crane Midwest (B),Crane & Rigging,jjbunge@baycrane.com,(313) 264-0705,https://www.baycrane-mw.com,MI,,,,C-Crane & RiggingM-MillwrightT-Transportation,110,crane-rigging,"""Bay Crane Midwest (B)"" owner OR CEO OR president site:linkedin.com"
Bay Crane Midwest (B),Crane & Rigging,wneumann@baycrane.com,(463) 303-0515,https://www.baycrane-mw.com,IN,,,,C-Crane & RiggingM-MillwrightT-Transportation,110,crane-rigging,"""Bay Crane Midwest (B)"" owner OR CEO OR president site:linkedin.com"
Bay Crane Midwest (B),Crane & Rigging,jgwagner@baycrane.com,(304) 212-4818,https://www.baycrane-mw.com,OH,,,,C-Crane & RiggingM-MillwrightT-Transportation,110,crane-rigging,"""Bay Crane Midwest (B)"" owner OR CEO OR president site:linkedin.com"
Bay Crane Midwest (B),Crane & Rigging,jjbunge@baycrane.com,(517) 220-9800,https://www.baycrane-mw.com,MI,,,,C-Crane & RiggingM-MillwrightT-Transportation,110,crane-rigging,"""Bay Crane Midwest (B)"" owner OR CEO OR president site:linkedin.com"
Bay Crane Midwest (B),Crane & Rigging,cwhitaker@baycrane.com,(419) 549-5650,https://www.baycrane-mw.com,OH,,,,C-Crane & RiggingM-MillwrightT-Transportation,110,crane-rigging,"""Bay Crane Midwest (B)"" owner OR CEO OR president site:linkedin.com"
Bay Crane Midwest (B),Crane & Rigging,twilson@baycrane.com,(304) 212-4818,https://www.baycrane-mw.com,WV,,,,C-Crane & RiggingM-MillwrightT-Transportation,110,crane-rigging,"""Bay Crane Midwest (B)"" owner OR CEO OR president site:linkedin.com"
Bay Crane Midwest (B),Crane & Rigging,fhunssinger@baycrane.com,(847) 364-1400,https://www.baycrane-mw.com,IL,,,1993,C-Crane & RiggingM-MillwrightT-Transportation,110,crane-rigging,"""Bay Crane Midwest (B)"" owner OR CEO OR president site:linkedin.com"
Bay Crane Midwest (B),Crane & Rigging,jpedigo@baycrane.com,(815) 723-2829,https://www.baycrane-mw.com,IL,,,,C-Crane & RiggingM-MillwrightT-Transportation,110,crane-rigging,"""Bay Crane Midwest (B)"" owner OR CEO OR president site:linkedin.com"
Bay Crane Midwest (B),Crane & Rigging,dwasserman@baycrane.com,(419) 931-6757,https://www.baycrane-mw.com,OH,,,,C-Crane & RiggingM-MillwrightT-Transportation,110,crane-rigging,"""Bay Crane Midwest (B)"" owner OR CEO OR president site:linkedin.com"
Bay Crane Service (B),Crane & Rigging,acrandall@baycrane.com,(202) 529-6100,https://www.baycrane-ma.com,MD,,,,C-Crane & RiggingM-MillwrightT-Transportation,110,crane-rigging,"""Bay Crane Service (B)"" owner OR CEO OR president site:linkedin.com"
Bay Crane Service (B),Crane & Rigging,acrandall@baycrane.com,(202) 529-6100,https://www.baycrane-ma.com,MD,,,,C-Crane & RiggingM-MillwrightT-Transportation,110,crane-rigging,"""Bay Crane Service (B)"" owner OR CEO OR president site:linkedin.com"
Bay Crane Service (B),Crane & Rigging,acrandall@baycrane.com,(410) 285-6363,https://www.baycrane-ma.com,MD,,,,C-Crane & RiggingM-MillwrightT-Transportation,110,crane-rigging,"""Bay Crane Service (B)"" owner OR CEO OR president site:linkedin.com"
Bay Ltd/Berry Contracting & Heavy Haul,Crane & Rigging,millerb@bayltd.com,(361) 693-2100,https://www.bayltd.com,TX,,,2016,C-Crane & RiggingI-InternationalO-Oil FieldT-Transportation,110,crane-rigging,"""Bay Ltd/Berry Contracting & Heavy Haul"" owner OR CEO OR president site:linkedin.com"
Beck & Pollitzer USA,Crane & Rigging,kathryn.ward@beck-pollitzer.com,(864) 574-6551,https://www.beck-pollitzer.com/us,SC,,,2025,C-Crane & RiggingI-InternationalM-MillwrightT-Transportation,110,crane-rigging,"""Beck & Pollitzer USA"" owner OR CEO OR president site:linkedin.com"
Benchmark Services LLC DBA Golden State Crane,Crane & Rigging,lrtorgerson@gmail.com,(800) 934-5288,https://www.Goldenstatecrane.com,CA,,,2022,C-Crane & RiggingT-Transportation,110,crane-rigging,"""Benchmark Services LLC DBA Golden State Crane"" owner OR CEO OR president site:linkedin.com"
"Berard Transportation, Inc. (B)",Crane & Rigging,info@berardtrans.com,(713) 266-6700,https://info@berardtrans.com,TX,,,,C-Crane & RiggingO-Oil FieldT-Transportation,110,crane-rigging,"""Berard Transportation, Inc. (B)"" owner OR CEO OR president site:linkedin.com"
"Boulter Industrial Contractors, Inc.",Crane & Rigging,bbachman@boulterindustrialinc.com,(585) 265-3260,https://www.boulterindustrial.com,NY,,,1999,C-Crane & RiggingM-MillwrightT-Transportation,110,crane-rigging,"""Boulter Industrial Contractors, Inc."" owner OR CEO OR president site:linkedin.com"
"Brasfield and Gorrie, LP",Crane & Rigging,jmoran@brasfieldgorrie.com,(205) 423-7062,https://www.bgequipmentsupply.com,AL,,,2015,C-Crane & RiggingT-Transportation,110,crane-rigging,"""Brasfield and Gorrie, LP"" owner OR CEO OR president site:linkedin.com"
Buckner HeavyLift Cranes,Crane & Rigging,christopher@bucknerheavylift.com,(336) 376-8888,https://www.bucknerheavylift.com,NC,,,1988,C-Crane & RiggingM-MillwrightT-Transportation,110,crane-rigging,"""Buckner HeavyLift Cranes"" owner OR CEO OR president site:linkedin.com"
Buckner HeavyLift Cranes (B),Crane & Rigging,christopher@bucknerheavylift.com,(336) 376-8888,https://www.bucknerheavylift.com,OK,,,,C-Crane & RiggingM-MillwrightT-Transportation,110,crane-rigging,"""Buckner HeavyLift Cranes (B)"" owner OR CEO OR president site:linkedin.com"
Buckner HeavyLift Cranes (B),Crane & Rigging,christopher@bucknerheavylift.com,(336) 376-8888,https://www.bucknerheavylift.com,TX,,,,C-Crane & RiggingM-MillwrightT-Transportation,110,crane-rigging,"""Buckner HeavyLift Cranes (B)"" owner OR CEO OR president site:linkedin.com"
Budrovich Crane,Crane & Rigging,fsmith@budrovich.com,(314) 892-3030 (St. Louis,https://www.budrovich.com,MO,,,2004,C-Crane & RiggingT-Transportation,110,crane-rigging,"""Budrovich Crane"" owner OR CEO OR president site:linkedin.com"
CCI Industrial Constructors,Crane & Rigging,gary.garcia@ccigroupusa.com,(248) 685-3263,https://www.ccigroupusa.com,MI,,,2023,C-Crane & RiggingM-MillwrightT-Transportation,110,crane-rigging,"""CCI Industrial Constructors"" owner OR CEO OR president site:linkedin.com"
"Chicopee Industrial Contractors, Inc.",Crane & Rigging,ccampbell@chicopeeindustrial.com,(413) 538-7279,https://www.chicopeeindustrial.com,MA,,,2019,C-Crane & RiggingM-MillwrightT-Transportation,110,crane-rigging,"""Chicopee Industrial Contractors, Inc."" owner OR CEO OR president site:linkedin.com"
CIASA Contractors,Crane & Rigging,jjimenez@ciasacontractors.com,+52 (81) 8327 2111,https://ciasacontractors.com,,,,2014,C-Crane & RiggingI-InternationalM-MillwrightT-Transportation,110,crane-rigging,"""CIASA Contractors"" owner OR CEO OR president site:linkedin.com"
CIASA Contractors (B),Crane & Rigging,jjimenez@ciasacontractors.com,+52 (472) 722 4774,https://ciasacontractors.com,,,,,C-Crane & RiggingI-InternationalM-MillwrightT-Transportation,110,crane-rigging,"""CIASA Contractors (B)"" owner OR CEO OR president site:linkedin.com"
Coldfoot Crane Service,Crane & Rigging,Jason@coldfoot.co,(432) 239-0300,https://Jason@coldfoot.co,TX,,,2024,C-Crane & RiggingT-Transportation,110,crane-rigging,"""Coldfoot Crane Service"" owner OR CEO OR president site:linkedin.com"
Costa Norte Construcciones C.A.,Crane & Rigging,jmarcano@costa-norte.com,(58) 412 9997696,https://www.costa-norte.com,,,,2006,C-Crane & RiggingI-InternationalM-MillwrightT-Transportation,110,crane-rigging,"""Costa Norte Construcciones C.A."" owner OR CEO OR president site:linkedin.com"
"Crainco, Inc.",Crane & Rigging,info@craincoinc.com,(562) 903-7290,https://www.craincoinc.com,CA,,,2017,C-Crane & RiggingT-Transportation,110,crane-rigging,"""Crainco, Inc."" owner OR CEO OR president site:linkedin.com"
"CSCG, Inc.",Crane & Rigging,vgarciaruiz@cscginc.com,(787) 868-4060,https://www.cscginc.com,PR,,,2020,C-Crane & RiggingI-InternationalM-MillwrightT-Transportation,110,crane-rigging,"""CSCG, Inc."" owner OR CEO OR president site:linkedin.com"
"CSCG, Inc. (B)",Crane & Rigging,vgarciaruiz@cscginc.com,(809) 364-5015,https://www.cscginc.com,,,,,C-Crane & RiggingI-InternationalM-MillwrightT-Transportation,110,crane-rigging,"""CSCG, Inc. (B)"" owner OR CEO OR president site:linkedin.com"
Cumberland Machinery Movers & Industrial Services Inc.,Crane & Rigging,dave.e@cumberlandmm.com,(859) 548-2315,https://www.cumberlandmachinerymovers.com,KY,,,2013,C-Crane & RiggingM-MillwrightT-Transportation,110,crane-rigging,"""Cumberland Machinery Movers & Industrial Services Inc."" owner OR CEO OR president site:linkedin.com"
"De Mase Trucking Co., Inc.",Crane & Rigging,Chris.demase@demase.com,(201) 933-7775,https://www.demase.com,NJ,,,1998,C-Crane & RiggingI-InternationalM-MillwrightS-SteelT-Transportation,110,crane-rigging,"""De Mase Trucking Co., Inc."" owner OR CEO OR president site:linkedin.com"
DENZAI K.K.,Crane & Rigging,w.kimata@denzai.group,+81-3-6260-0088,https://https://www.denzai-j.com/en,,,,2023,C-Crane & RiggingT-Transportation,110,crane-rigging,"""DENZAI K.K."" owner OR CEO OR president site:linkedin.com"
"DFW Movers & Erectors, Inc.",Crane & Rigging,jmingle@dfwmovers.com,(817) 222-3200,https://www.dfwmovers.com,TX,,,1984,C-Crane & RiggingM-MillwrightT-Transportation,110,crane-rigging,"""DFW Movers & Erectors, Inc."" owner OR CEO OR president site:linkedin.com"
"DFW Movers & Erectors, Inc. (B)",Crane & Rigging,jmingle@dfwmovers.com,(469) 304-2447,https://www.dfwmovers.com,TX,,,,C-Crane & RiggingM-MillwrightT-Transportation,110,crane-rigging,"""DFW Movers & Erectors, Inc. (B)"" owner OR CEO OR president site:linkedin.com"
"DFW Movers & Erectors, Inc. (B)",Crane & Rigging,jmingle@dfwmovers.com,(713) 764-6300,https://www.dfwmovers.com,TX,,,,C-Crane & RiggingM-MillwrightT-Transportation,110,crane-rigging,"""DFW Movers & Erectors, Inc. (B)"" owner OR CEO OR president site:linkedin.com"
"DFW Movers & Erectors, Inc. (B)",Crane & Rigging,jmingle@dfwmovers.com,(210) 359-8020,https://www.dfwmovers.com,TX,,,,C-Crane & RiggingM-MillwrightT-Transportation,110,crane-rigging,"""DFW Movers & Erectors, Inc. (B)"" owner OR CEO OR president site:linkedin.com"
Eagle Rigging & Transport,Crane & Rigging,jclancy@eagleriggers.com,(800) 836-0331,https://www.eagleriggingandtransport.com,NY,,,2015,C-Crane & RiggingI-InternationalT-Transportation,110,crane-rigging,"""Eagle Rigging & Transport"" owner OR CEO OR president site:linkedin.com"
"Edwards Moving & Rigging, LLC (B)",Crane & Rigging,cgoddard@edwardsmoving.com,(502) 321-9691,https://www.edwardsmoving.com,TN,,,,C-Crane & RiggingT-Transportation,110,crane-rigging,"""Edwards Moving & Rigging, LLC (B)"" owner OR CEO OR president site:linkedin.com"
"Edwards Moving & Rigging, LLC (B)",Crane & Rigging,rstaley@edwardsmoving.com,(317) 965-1036,https://www.edwardsmoving.com,IN,,,,C-Crane & RiggingT-Transportation,110,crane-rigging,"""Edwards Moving & Rigging, LLC (B)"" owner OR CEO OR president site:linkedin.com"
"Edwards Moving & Rigging, LLC (B)",Crane & Rigging,cstolzenbach@edwardsmoving.com,(904) 303-9566,https://www.edwardsmoving.com,FL,,,,C-Crane & RiggingT-Transportation,110,crane-rigging,"""Edwards Moving & Rigging, LLC (B)"" owner OR CEO OR president site:linkedin.com"
"Edwards Moving & Rigging, LLC (B)",Crane & Rigging,Rstaley@edwardsmoving.com,(317) 965-1036,https://www.edwardsmoving.com,IL,,,,C-Crane & RiggingT-Transportation,110,crane-rigging,"""Edwards Moving & Rigging, LLC (B)"" owner OR CEO OR president site:linkedin.com"
"Edwards Moving & Rigging, LLC (B)",Crane & Rigging,kwilliams@edwardsmoving.com,(865) 719-6112,https://www.edwardsmoving.com,SC,,,,C-Crane & RiggingT-Transportation,110,crane-rigging,"""Edwards Moving & Rigging, LLC (B)"" owner OR CEO OR president site:linkedin.com"
Engineered Rigging,Crane & Rigging,ccox@engrigging.com,(844) 474-4448,https://www.engineeredrigginggroup.com,IN,,,2015,C-Crane & RiggingI-InternationalT-Transportation,110,crane-rigging,"""Engineered Rigging"" owner OR CEO OR president site:linkedin.com"
Engineered Rigging (B),Crane & Rigging,ccox@engrigging.com,(844) 474-4448,https://www.engineeredrigginggroup.com,AR,,,,C-Crane & RiggingI-InternationalT-Transportation,110,crane-rigging,"""Engineered Rigging (B)"" owner OR CEO OR president site:linkedin.com"
Equipos Y Transportes Especialieados Auriga,Crane & Rigging,jcano@auriga.mx,(52) 442 218 41 42(52),https://www.auriga.mx,,,,1994,C-Crane & RiggingI-InternationalT-Transportation,110,crane-rigging,"""Equipos Y Transportes Especialieados Auriga"" owner OR CEO OR president site:linkedin.com"
"Frye Mechanical, Inc.",Crane & Rigging,jwryick@fryemechanical.com,(937) 222-8750,https://www.fryemechanical.com,OH,,,2023,C-Crane & RiggingI-InternationalM-MillwrightS-SteelT-Transportation,110,crane-rigging,"""Frye Mechanical, Inc."" owner OR CEO OR president site:linkedin.com"
G&L Corporation,Crane & Rigging,gabe@g-lcorp.com,(260) 747-0541,https://www.g-lcorp.com,IN,,,2000,C-Crane & RiggingM-MillwrightT-Transportation,110,crane-rigging,"""G&L Corporation"" owner OR CEO OR president site:linkedin.com"
"GC Crane, Inc",Crane & Rigging,ajoiner@greenspringscap.com,(205) 381-5775,https://www.gccraneinc.com,AL,,,2025,C-Crane & RiggingT-Transportation,110,crane-rigging,"""GC Crane, Inc"" owner OR CEO OR president site:linkedin.com"
"Guy M. Turner, Inc. (B)",Crane & Rigging,canglin@guymturner.com,(404) 696-4093,https://www.guymturner.com,GA,,,,C-Crane & RiggingM-MillwrightT-Transportation,110,crane-rigging,"""Guy M. Turner, Inc. (B)"" owner OR CEO OR president site:linkedin.com"
"Guy M. Turner, Inc. (B)",Crane & Rigging,dfitzgerald@guymturner.com,(713) 451-8900,https://www.guymturner.com,TX,,,,C-Crane & RiggingM-MillwrightT-Transportation,110,crane-rigging,"""Guy M. Turner, Inc. (B)"" owner OR CEO OR president site:linkedin.com"
"Guy M. Turner, Inc. (B)",Crane & Rigging,dsaine@guymturner.com,(803) 985-1333,https://www.guymturner.com,SC,,,,C-Crane & RiggingM-MillwrightT-Transportation,110,crane-rigging,"""Guy M. Turner, Inc. (B)"" owner OR CEO OR president site:linkedin.com"
"Guy M. Turner, Inc. (B)",Crane & Rigging,dsaine@guymturner.com,(704) 391-8118,https://www.guymturner.com,SC,,,,C-Crane & RiggingM-MillwrightT-Transportation,110,crane-rigging,"""Guy M. Turner, Inc. (B)"" owner OR CEO OR president site:linkedin.com"
"Guy M. Turner, Inc. (B)",Crane & Rigging,gray@guymturner.com,(336) 650-9000,https://www.guymturner.com,NC,,,,C-Crane & RiggingM-MillwrightT-Transportation,110,crane-rigging,"""Guy M. Turner, Inc. (B)"" owner OR CEO OR president site:linkedin.com"
Haggard Hauling & Rigging Inc.,Crane & Rigging,John@haggardhauling.com,(816) 221-7840,https://www.haggardhauling.com,MO,,,1989,C-Crane & RiggingM-MillwrightT-Transportation,110,crane-rigging,"""Haggard Hauling & Rigging Inc."" owner OR CEO OR president site:linkedin.com"
Heaton Erecting Inc.,Crane & Rigging,CJ@heatonerecting.com,(404) 363-3130,https://www.heatonerecting.com,GA,,,2024,C-Crane & RiggingT-Transportation,110,crane-rigging,"""Heaton Erecting Inc."" owner OR CEO OR president site:linkedin.com"
"Heavy Company, Inc",Crane & Rigging,troy@heavycompany.com,(402) 435-1234,https://www.heavycompany.com,NE,,,2016,C-Crane & RiggingM-MillwrightT-Transportation,110,crane-rigging,"""Heavy Company, Inc"" owner OR CEO OR president site:linkedin.com"
Henke Industrial LLC,Crane & Rigging,jerry.henke@henkeindustrial.com,(859) 757-8080,https://www.henkeindustrial.com,KY,,,2016,C-Crane & RiggingI-InternationalM-MillwrightT-Transportation,110,crane-rigging,"""Henke Industrial LLC"" owner OR CEO OR president site:linkedin.com"
"Heritage Industrial Services, Inc.",Crane & Rigging,jason@heritageindustrialservices.com,(609) 752-0143,https://www.heritageindustrialservices.com,NJ,,,2014,C-Crane & RiggingM-MillwrightT-Transportation,110,crane-rigging,"""Heritage Industrial Services, Inc."" owner OR CEO OR president site:linkedin.com"
"Hill Crane Service, Inc. (B)",Crane & Rigging,john.simpson@hillcrane.com,(480) 761-5326,https://www.hillcrane.com,AZ,,,,C-Crane & RiggingO-Oil FieldT-Transportation,110,crane-rigging,"""Hill Crane Service, Inc. (B)"" owner OR CEO OR president site:linkedin.com"
"HLI Rail & Rigging, LLC",Crane & Rigging,mike@hli.us.com,(281) 826-0009,https://www.hli.us.com,TX,,,2005,C-Crane & RiggingI-InternationalT-Transportation,110,crane-rigging,"""HLI Rail & Rigging, LLC"" owner OR CEO OR president site:linkedin.com"
"Huddleston Machinery Moving, Inc",Crane & Rigging,huddlestonkc@hmmkc.com,(816) 231-4147,https://www.huddlestonmachinerymoving.com,MO,,,2015,C-Crane & RiggingM-MillwrightS-SteelT-Transportation,110,crane-rigging,"""Huddleston Machinery Moving, Inc"" owner OR CEO OR president site:linkedin.com"
Iconic Crane & Rigging,Crane & Rigging,Jacob@iconiccrane.com,(478) 258-0827,https://www.iconiccrane.com,GA,,,2025,C-Crane & RiggingT-Transportation,110,crane-rigging,"""Iconic Crane & Rigging"" owner OR CEO OR president site:linkedin.com"
IRM Industry Movers,Crane & Rigging,c.morales@irmindustrial.com,+52 (442) 2946320,https://www.irmindustrial.com,,,,2013,C-Crane & RiggingI-InternationalM-MillwrightT-Transportation,110,crane-rigging,"""IRM Industry Movers"" owner OR CEO OR president site:linkedin.com"
"IRM Industry Movers, Inc. (B)",Crane & Rigging,c.morales@irmindustrial.com,(915) 300-3617,https://www.irmindustrial.com,TX,,,,C-Crane & RiggingI-InternationalM-MillwrightT-Transportation,110,crane-rigging,"""IRM Industry Movers, Inc. (B)"" owner OR CEO OR president site:linkedin.com"
Irontech Industrial Contractors Inc.,Crane & Rigging,sammy@irontechpr.com,(787) 836-3232,https://www.irontechgroup.com,PR,,,2024,C-Crane & RiggingI-InternationalS-SteelT-Transportation,110,crane-rigging,"""Irontech Industrial Contractors Inc."" owner OR CEO OR president site:linkedin.com"
"J Mor Machinery Movers, Inc. (B)",Crane & Rigging,masten@jmorinc.com,(346) 566-5916,https://www.JMorMachineryMovers.com,TX,,,,C-Crane & RiggingI-InternationalM-MillwrightT-Transportation,110,crane-rigging,"""J Mor Machinery Movers, Inc. (B)"" owner OR CEO OR president site:linkedin.com"
"Jeffers Crane Service, Inc. (B)",Crane & Rigging,ryan.stoner@allcrane.com,(419) 223-9010,https://www.allcrane.com,OH,,,,C-Crane & RiggingT-Transportation,110,crane-rigging,"""Jeffers Crane Service, Inc. (B)"" owner OR CEO OR president site:linkedin.com"
La Rosa Del Monte,Crane & Rigging,rigging@larosadelmonte.com,(787) 780-5775,https://www.larosadelmonterigging.com,PR,,,2003,C-Crane & RiggingI-InternationalT-Transportation,110,crane-rigging,"""La Rosa Del Monte"" owner OR CEO OR president site:linkedin.com"
Machine Moving & Engineering,Crane & Rigging,andre@mmekzn.co.za,+27 11 824 5172,https://www.mme.co.za,,,,2004,C-Crane & RiggingI-InternationalT-Transportation,110,crane-rigging,"""Machine Moving & Engineering"" owner OR CEO OR president site:linkedin.com"
"MACS Crane and Rigging, LLC",Crane & Rigging,srahn@macscrane.com,(912) 236-6227,https://www.macscrane.com,GA,,,2015,C-Crane & RiggingM-MillwrightT-Transportation,110,crane-rigging,"""MACS Crane and Rigging, LLC"" owner OR CEO OR president site:linkedin.com"
"MACS Crane and Rigging, LLC (B)",Crane & Rigging,srahn@macscrane.com,(843) 462-2970,https://www.macscrane.com,SC,,,,C-Crane & RiggingM-MillwrightT-Transportation,110,crane-rigging,"""MACS Crane and Rigging, LLC (B)"" owner OR CEO OR president site:linkedin.com"
"MACS Crane and Rigging, LLC (B)",Crane & Rigging,srahn@macscrane.com,(904) 345-3047,https://www.macscrane.com,FL,,,,C-Crane & RiggingM-MillwrightT-Transportation,110,crane-rigging,"""MACS Crane and Rigging, LLC (B)"" owner OR CEO OR president site:linkedin.com"
"MACS Crane and Rigging, LLC (B)",Crane & Rigging,srahn@macscrane.com,(706) 771-9937,https://www.macscrane.com,GA,,,,C-Crane & RiggingM-MillwrightT-Transportation,110,crane-rigging,"""MACS Crane and Rigging, LLC (B)"" owner OR CEO OR president site:linkedin.com"
Marcello Cranes,Crane & Rigging,walt@marcellocranes.com,(601) 693-3701,https://www.marcellocranes.com,MS,,,2016,C-Crane & RiggingT-Transportation,110,crane-rigging,"""Marcello Cranes"" owner OR CEO OR president site:linkedin.com"
"McRay Crane & Rigging, Inc.",Crane & Rigging,matt@mcraycrane.com,(713) 944-2843,https://www.mcraycrane.com,TX,,,1997,C-Crane & RiggingT-Transportation,110,crane-rigging,"""McRay Crane & Rigging, Inc."" owner OR CEO OR president site:linkedin.com"
"Mideast Machinery Movers, Inc.",Crane & Rigging,b.gordon@mideastmm.com,(937) 437-0371,https://www.mideastmachinerymovers.com,OH,,,2000,C-Crane & RiggingM-MillwrightT-Transportation,110,crane-rigging,"""Mideast Machinery Movers, Inc."" owner OR CEO OR president site:linkedin.com"
MM SOLUTIONS,Crane & Rigging,sjohnson@mmsolutions.biz,(970) 203-0393,https://www.mmsolutions.biz,CO,,,2018,C-Crane & RiggingT-Transportation,110,crane-rigging,"""MM SOLUTIONS"" owner OR CEO OR president site:linkedin.com"
Nabros Transport PVT. LTD.,Crane & Rigging,nilesh@nabrostransport.com,(91) 79 2970 2617,https://www.nabrostransport.com,,,,1994,C-Crane & RiggingI-InternationalO-Oil FieldS-SteelT-Transportation,110,crane-rigging,"""Nabros Transport PVT. LTD."" owner OR CEO OR president site:linkedin.com"
Northwest Corp.,Crane & Rigging,landonl@northwestcorp.com,(605) 334-4700,https://www.northwestcorp.com,SD,,,2021,C-Crane & RiggingM-MillwrightO-Oil FieldS-SteelT-Transportation,110,crane-rigging,"""Northwest Corp."" owner OR CEO OR president site:linkedin.com"
"Patriot Crane and Rigging, LLC",Crane & Rigging,sham@patriotcranerigging.com,(402) 431-2744,https://www.patriotnation1.com,NE,,,2022,C-Crane & RiggingM-MillwrightT-Transportation,110,crane-rigging,"""Patriot Crane and Rigging, LLC"" owner OR CEO OR president site:linkedin.com"
"Patriot Crane and Rigging, LLC (B)",Crane & Rigging,sham@patriotcranerigging.com,(308) 321-2726,https://www.patriotnation1.com,NE,,,,C-Crane & RiggingM-MillwrightT-Transportation,110,crane-rigging,"""Patriot Crane and Rigging, LLC (B)"" owner OR CEO OR president site:linkedin.com"
"Patriot Crane and Rigging, LLC (B)",Crane & Rigging,sham@patriotcranerigging.com,(531) 248-5438,https://www.patriotnation1.com,NE,,,,C-Crane & RiggingM-MillwrightT-Transportation,110,crane-rigging,"""Patriot Crane and Rigging, LLC (B)"" owner OR CEO OR president site:linkedin.com"
Pedowitz Machinery Movers,Crane & Rigging,joed@pedowitz.com,(203) 876-4711,https://www.pedowitz.com,NY,,,2020,C-Crane & RiggingT-Transportation,110,crane-rigging,"""Pedowitz Machinery Movers"" owner OR CEO OR president site:linkedin.com"
Pioneer Heavy Haul Inc. (B),Crane & Rigging,sales@pioneerhh.com,(905) 732-9895,https://www.pioneerheavyhaul.com,NY,,,,C-Crane & RiggingI-InternationalS-SteelT-Transportation,110,crane-rigging,"""Pioneer Heavy Haul Inc. (B)"" owner OR CEO OR president site:linkedin.com"
"Precision Heavy Haul, Inc.",Crane & Rigging,dispatch@precisionheavyhaul.com,(623) 936-6161,https://www.precisionheavyhaul.com,AZ,,,1996,C-Crane & RiggingM-MillwrightT-Transportation,110,crane-rigging,"""Precision Heavy Haul, Inc."" owner OR CEO OR president site:linkedin.com"
Project Freight LLC,Crane & Rigging,stephen@projectfreightheavyhaul.com,(912) 689-1230,https://www.projectfreightheavyhaul.com,GA,,,2020,C-Crane & RiggingM-MillwrightT-Transportation,110,crane-rigging,"""Project Freight LLC"" owner OR CEO OR president site:linkedin.com"
"ProLift Rigging, LLC",Crane & Rigging,tblack@proliftrigging.com,(855) 900-9111,https://www.proliftrigging.com,TN,,,2017,C-Crane & RiggingM-MillwrightT-Transportation,110,crane-rigging,"""ProLift Rigging, LLC"" owner OR CEO OR president site:linkedin.com"
PSC Crane & Rigging,Crane & Rigging,lynn.sever@pscind.com,(937) 773-3632,https://www.pscind.com,OH,,,1985,C-Crane & RiggingM-MillwrightT-Transportation,110,crane-rigging,"""PSC Crane & Rigging"" owner OR CEO OR president site:linkedin.com"
PSC Crane & Rigging (B),Crane & Rigging,randy.sever@pscind.com,(937) 606-0135,https://www.pscind.com,OH,,,,C-Crane & RiggingM-MillwrightT-Transportation,110,crane-rigging,"""PSC Crane & Rigging (B)"" owner OR CEO OR president site:linkedin.com"
PSC Crane & Rigging (B),Crane & Rigging,randy.sever@pscind.com,(614) 504-0616,https://www.pscind.com,OH,,,,C-Crane & RiggingM-MillwrightT-Transportation,110,crane-rigging,"""PSC Crane & Rigging (B)"" owner OR CEO OR president site:linkedin.com"
Puerto Rico Storage & Professional Line Movers,Crane & Rigging,hcaban@prsd.com,(787) 890-0131,https://www.prsplm.com,PR,,,2024,C-Crane & RiggingI-InternationalT-Transportation,110,crane-rigging,"""Puerto Rico Storage & Professional Line Movers"" owner OR CEO OR president site:linkedin.com"
R&R Machinery Moving Co,Crane & Rigging,Brian@rrmachinerymoving.com,(651) 457-0227,https://www.rrmachinerymoving.com,MN,,,2019,C-Crane & RiggingM-MillwrightT-Transportation,110,crane-rigging,"""R&R Machinery Moving Co"" owner OR CEO OR president site:linkedin.com"
"Reynolds Rigging & Crane Service, Inc.",Crane & Rigging,mreynolds@reynoldscrane.com,(608) 630-9780,https://www.reynoldscrane.com,WI,,,1999,C-Crane & RiggingT-Transportation,110,crane-rigging,"""Reynolds Rigging & Crane Service, Inc."" owner OR CEO OR president site:linkedin.com"
Rigging Industrial De Mexico,Crane & Rigging,a.sierra@rim-rigging.com,+524422581276,https://www.rim-rigging.com,,,,2026,C-Crane & RiggingT-Transportation,110,crane-rigging,"""Rigging Industrial De Mexico"" owner OR CEO OR president site:linkedin.com"
"Rigging Services De Mexico, S.A. DE C.V.",Crane & Rigging,rvaldes@riggingservices.com.mx,(+52) 8183856532,https://www.riggingservices.com.mx,,,,2007,C-Crane & RiggingI-InternationalM-MillwrightT-Transportation,110,crane-rigging,"""Rigging Services De Mexico, S.A. DE C.V."" owner OR CEO OR president site:linkedin.com"
"Rigging Services De Mexico, S.A. DE C.V.(B)",Crane & Rigging,rvaldes@riggingservices.com.mx,(+52) 4727910067,https://www.riggingservices.com.mx,,,,,C-Crane & RiggingI-InternationalM-MillwrightT-Transportation,110,crane-rigging,"""Rigging Services De Mexico, S.A. DE C.V.(B)"" owner OR CEO OR president site:linkedin.com"
RigUpATL,Crane & Rigging,chrisk@amconindustrial.com,(470) 259-0274,https://www.rigupatl.com,GA,,,2023,C-Crane & RiggingM-MillwrightT-Transportation,110,crane-rigging,"""RigUpATL"" owner OR CEO OR president site:linkedin.com"
Ritter Forest Products,Crane & Rigging,Joey@ritterforest.com,(361) 371-4320,https://www.ritterforest.com,TX,,,2010,C-Crane & RiggingT-Transportation,110,crane-rigging,"""Ritter Forest Products"" owner OR CEO OR president site:linkedin.com"
Rolf Riedl GmbH,Crane & Rigging,iris.mullejans@riedl-group.com,(49) 2331-94080,https://www.riedl-group.com,,,,1992,C-Crane & RiggingI-InternationalM-MillwrightT-Transportation,110,crane-rigging,"""Rolf Riedl GmbH"" owner OR CEO OR president site:linkedin.com"
S&R Corporation,Crane & Rigging,rploof@sandrcorp.com,(978) 441-2000,https://www.sandrcorp.com,MA,,,2021,C-Crane & RiggingT-Transportation,110,crane-rigging,"""S&R Corporation"" owner OR CEO OR president site:linkedin.com"
SESCO MEXICO,Crane & Rigging,sandro.sanchez@sesco.com.mx,+52(844)294 2872,https://www.sesco.com.mx,,,,2022,C-Crane & RiggingI-InternationalT-Transportation,110,crane-rigging,"""SESCO MEXICO"" owner OR CEO OR president site:linkedin.com"
"Shoemaker Rigging & Transport, LLC",Crane & Rigging,mike.cullion@shoemakerrigging.com,(330) 899-9090,https://www.shoemakerrigging.com,OH,,,2015,C-Crane & RiggingI-InternationalM-MillwrightS-SteelT-Transportation,110,crane-rigging,"""Shoemaker Rigging & Transport, LLC"" owner OR CEO OR president site:linkedin.com"
"Shoemaker Rigging & Transport, LLC (B)",Crane & Rigging,mike.cullion@shoemakerrigging.com,(614) 335-9090,https://www.shoemakerrigging.com,OH,,,,C-Crane & RiggingI-InternationalM-MillwrightS-SteelT-Transportation,110,crane-rigging,"""Shoemaker Rigging & Transport, LLC (B)"" owner OR CEO OR president site:linkedin.com"
"Shoemaker Rigging & Transport, LLC (B)",Crane & Rigging,mike.cullion@shoemakerrigging.com,(614) 335-9090,https://www.shoemakerrigging.com,OH,,,,C-Crane & RiggingI-InternationalM-MillwrightS-SteelT-Transportation,110,crane-rigging,"""Shoemaker Rigging & Transport, LLC (B)"" owner OR CEO OR president site:linkedin.com"
"Shoemaker Rigging & Transport, LLC (B)",Crane & Rigging,mike.cullion@shoemakerrigging.com,(330) 899-9090,https://www.shoemakerrigging.com,OH,,,,C-Crane & RiggingI-InternationalM-MillwrightS-SteelT-Transportation,110,crane-rigging,"""Shoemaker Rigging & Transport, LLC (B)"" owner OR CEO OR president site:linkedin.com"
Sloan Energy Services LLC,Crane & Rigging,chris@sloanenergyservices.com,(432) 653-0205,https://www.sloanenergyservices.com,TX,,,2021,C-Crane & RiggingO-Oil FieldT-Transportation,110,crane-rigging,"""Sloan Energy Services LLC"" owner OR CEO OR president site:linkedin.com"
Somalev Cranes & Logistics,Crane & Rigging,b.tabi@somalev.ma,+212522729653,https://www.somalev.com,,,,2025,C-Crane & RiggingT-Transportation,110,crane-rigging,"""Somalev Cranes & Logistics"" owner OR CEO OR president site:linkedin.com"
Steffan Industries Inc.,Crane & Rigging,bud@steffanindustriesinc.com,(412) 751-4484,https://www.steffanindustriesinc.com,PA,,,2018,C-Crane & RiggingM-MillwrightT-Transportation,110,crane-rigging,"""Steffan Industries Inc."" owner OR CEO OR president site:linkedin.com"
"Sullivan Industrial Services, LLC",Crane & Rigging,Kevin@sullivanindustrialservices.com,(203) 349-1701,https://www.sullivanindustrialservices.com,CT,,,2022,C-Crane & RiggingI-InternationalM-MillwrightT-Transportation,110,crane-rigging,"""Sullivan Industrial Services, LLC"" owner OR CEO OR president site:linkedin.com"
Superior Rigging & Erecting Co. (B),Crane & Rigging,c.cioara@superiorrigging.com.,(407) 730-8886,https://www.superiorrigging.com,FL,,,,C-Crane & RiggingM-MillwrightS-SteelT-Transportation,110,crane-rigging,"""Superior Rigging & Erecting Co. (B)"" owner OR CEO OR president site:linkedin.com"
TECNOGRUAS,Crane & Rigging,aguzman@heavycraneandrigging.com,(713) 732-4837,https://www.heavycraneandrigging.com,,,,2024,C-Crane & RiggingI-InternationalT-Transportation,110,crane-rigging,"""TECNOGRUAS"" owner OR CEO OR president site:linkedin.com"
"TL Jackson Construction, Inc.",Crane & Rigging,Jed.beckman@gcsbuilt.com,(717) 428-9911,https://www.tljacksonconstruction.com,PA,,,2025,C-Crane & RiggingM-MillwrightT-Transportation,110,crane-rigging,"""TL Jackson Construction, Inc."" owner OR CEO OR president site:linkedin.com"
"Tomahawk Holdings, LLC.",Crane & Rigging,gary@tcrcranes.com,(423) 400-3744,https://www.tcrcranes.com,TN,,,2025,C-Crane & RiggingI-InternationalM-MillwrightS-SteelT-Transportation,110,crane-rigging,"""Tomahawk Holdings, LLC."" owner OR CEO OR president site:linkedin.com"
"Trak Transportaciones, SA De CV",Crane & Rigging,evaldes@traktransportaciones.com.mx,(+52) 8150009870 to 75,https://www.traktransportaciones.com.mx,,,,2001,C-Crane & RiggingM-MillwrightT-Transportation,110,crane-rigging,"""Trak Transportaciones, SA De CV"" owner OR CEO OR president site:linkedin.com"
"Trak Transportaciones, SA De CV (B)",Crane & Rigging,rvaldes@traktransportaciones.com.mx,(472) 791-0067 to 69,https://www.traktransportaciones.com.mx,,,,,C-Crane & RiggingM-MillwrightT-Transportation,110,crane-rigging,"""Trak Transportaciones, SA De CV (B)"" owner OR CEO OR president site:linkedin.com"
"Trak Transportaciones, SA De CV (B)",Crane & Rigging,rvaldes@traktransportaciones.com.mx,(+52) 8671091078,https://www.traktransportaciones.com.mx,,,,,C-Crane & RiggingT-Transportation,110,crane-rigging,"""Trak Transportaciones, SA De CV (B)"" owner OR CEO OR president site:linkedin.com"
"Transportes Mucino, S.A. De C.V.",Crane & Rigging,raul.cuevas@mucino.com.mx,+52 771 7116735,https://www.mucino.com,,,,2018,C-Crane & RiggingI-InternationalT-Transportation,110,crane-rigging,"""Transportes Mucino, S.A. De C.V."" owner OR CEO OR president site:linkedin.com"
Triple R Transportation,Crane & Rigging,dan@triplertransportation.com,(610) 358-9790,https://www.triplertransportation.com,PA,,,2015,C-Crane & RiggingI-InternationalT-Transportation,110,crane-rigging,"""Triple R Transportation"" owner OR CEO OR president site:linkedin.com"
"U.S.M.M., Inc., dba U.S. Machinery Movers",Crane & Rigging,rolsonusmm@yahoo.com,(847) 679-1320,https://www.usmachinerymovers.com,IL,,,2015,C-Crane & RiggingM-MillwrightT-Transportation,110,crane-rigging,"""U.S.M.M., Inc., dba U.S. Machinery Movers"" owner OR CEO OR president site:linkedin.com"
US Machinery Transport Inc,Crane & Rigging,aaron@usmachinerytransport.com,(812) 528-1780,https://www.usmachinerytransport.com,IN,,,2025,C-Crane & RiggingT-Transportation,110,crane-rigging,"""US Machinery Transport Inc"" owner OR CEO OR president site:linkedin.com"
Vanguard,Crane & Rigging,Craig@vanguardheavylift.com,(27) 11 616 1800,https://www.vanguardheavylift.com,,,,1997,C-Crane & RiggingI-InternationalM-MillwrightT-Transportation,110,crane-rigging,"""Vanguard"" owner OR CEO OR president site:linkedin.com"
Vizion Crane and Industrial Support LLC,Crane & Rigging,jvigier@vizioncrane-is.com,(713) 832-1912,https://www.vizioncrane.com,TX,,,2025,C-Crane & RiggingT-Transportation,110,crane-rigging,"""Vizion Crane and Industrial Support LLC"" owner OR CEO OR president site:linkedin.com"
W.J. Casey Trucking & Rigging Co.,Crane & Rigging,jimmy@wjcasey.com,(908) 809-1200,https://www.wjcasey.com,NJ,,,1961,C-Crane & RiggingM-MillwrightT-Transportation,110,crane-rigging,"""W.J. Casey Trucking & Rigging Co."" owner OR CEO OR president site:linkedin.com"
Zartman Industrial Services,Crane & Rigging,dave@zartman.com,(570) 275-4400,https://www.zartman.com,PA,,,1981,C-Crane & RiggingM-MillwrightT-Transportation,110,crane-rigging,"""Zartman Industrial Services"" owner OR CEO OR president site:linkedin.com"
Zurich Transport LLC,Crane & Rigging,brenda@zurichtransportllc.com,(310) 513-1348,https://www.zurichtransportllc.com,,,,2024,C-Crane & RiggingS-SteelT-Transportation,110,crane-rigging,"""Zurich Transport LLC"" owner OR CEO OR president site:linkedin.com"
Alpine West Cranes,Crane & Rigging,ltucker@alpinewest.com,(775) 902-2404,https://,NV,,,2024,C-Crane & RiggingT-Transportation,100,crane-rigging,"""Alpine West Cranes"" owner OR CEO OR president site:linkedin.com"
BOSS Crane & Rigging (B),Crane & Rigging,Thomas.baldree@bosscrane.com,,https://www.bosscrane.com,TX,,,,C-Crane & RiggingT-Transportation,100,crane-rigging,"""BOSS Crane & Rigging (B)"" owner OR CEO OR president site:linkedin.com"
Engineered Rigging (B),Crane & Rigging,ccox@engrigging.com,,https://www.EngineeredRiggingGroup.com,,,,,C-Crane & RiggingI-InternationalT-Transportation,100,crane-rigging,"""Engineered Rigging (B)"" owner OR CEO OR president site:linkedin.com"
Florida Trucking and Rigging Inc,Crane & Rigging,bgardner@floridatruckinginc.com,(281) 706-5222,https://,FL,,,2025,C-Crane & RiggingT-Transportation,100,crane-rigging,"""Florida Trucking and Rigging Inc"" owner OR CEO OR president site:linkedin.com"
JPG 28 Specialized TX LLC,Crane & Rigging,jpgarcia@jpg28spzd.com,(443) 553-4851,https://,NJ,,,2025,C-Crane & RiggingT-Transportation,100,crane-rigging,"""JPG 28 Specialized TX LLC"" owner OR CEO OR president site:linkedin.com"
Kiewit Crane Services,Crane & Rigging,brad.martin@kiewit.com,(303) 265-0200,https://,CO,,,2015,C-Crane & RiggingT-Transportation,100,crane-rigging,"""Kiewit Crane Services"" owner OR CEO OR president site:linkedin.com"
M&W Crane Rental LLC/ Hi-Ball Co,Crane & Rigging,joe@mwcrane.com,(517) 651-5695,https://,MI,,,2022,C-Crane & RiggingT-Transportation,100,crane-rigging,"""M&W Crane Rental LLC/ Hi-Ball Co"" owner OR CEO OR president site:linkedin.com"
Power Rigging Mexico,Crane & Rigging,r.chapa@prm.lat,,https://www.prm.lat,NL,,,2025,C-Crane & RiggingI-InternationalT-Transportation,100,crane-rigging,"""Power Rigging Mexico"" owner OR CEO OR president site:linkedin.com"
Taucher Brothers,Crane & Rigging,john@portagesystems.com,(330) 274-8295,https://,OH,,,2017,C-Crane & RiggingT-Transportation,100,crane-rigging,"""Taucher Brothers"" owner OR CEO OR president site:linkedin.com"
AC JONES CRANE,Crane & Rigging,acjonescrane@gmail.com,(217) 473-2203,https://www.acjonescrane.com,IL,,,2021,C-Crane & Rigging,85,crane-rigging,"""AC JONES CRANE"" owner OR CEO OR president site:linkedin.com"
Americas Machinery (B),Crane & Rigging,alexg@americasmachinery.com,+52 81 3434 5484,https://www.americasmachinery.com,,,,,C-Crane & RiggingI-InternationalM-Millwright,85,crane-rigging,"""Americas Machinery (B)"" owner OR CEO OR president site:linkedin.com"
Americas Machinery (B),Crane & Rigging,alexg@americasmachinery.com,(832) 440-9096,https://www.americasmachinery.com,TX,,,,C-Crane & RiggingI-InternationalM-Millwright,85,crane-rigging,"""Americas Machinery (B)"" owner OR CEO OR president site:linkedin.com"
Big B Crane,Crane & Rigging,daniel@bigbcrane.com,(817) 447-9813,https://www.bigbcrane.com,TX,,,2015,C-Crane & Rigging,85,crane-rigging,"""Big B Crane"" owner OR CEO OR president site:linkedin.com"
BOSS Crane & Rigging,Crane & Rigging,thomas.baldree@bosscrane.com,(903) 475-0018,https://www.bosscrane.com,TX,,,2015,C-Crane & Rigging,85,crane-rigging,"""BOSS Crane & Rigging"" owner OR CEO OR president site:linkedin.com"
Bulldog Crane & Rigging LLC,Crane & Rigging,chase@bulldogservicesllc.com,(888) 883-4558,https://www.bulldogcrane.com,TX,,,2025,C-Crane & Rigging,85,crane-rigging,"""Bulldog Crane & Rigging LLC"" owner OR CEO OR president site:linkedin.com"
C&C Crane Works LLC,Crane & Rigging,chaceb@cccraneworks.com,(407) 271-2916,https://www.cccraneworks.com,FL,,,2025,C-Crane & Rigging,85,crane-rigging,"""C&C Crane Works LLC"" owner OR CEO OR president site:linkedin.com"
CEX Crane & Lift,Crane & Rigging,jnoland@capexlift.com,(513) 766-1866,https://www.capexlift.com,TN,,,2023,C-Crane & RiggingM-Millwright,85,crane-rigging,"""CEX Crane & Lift"" owner OR CEO OR president site:linkedin.com"
"CHART-UR-BAR, LLC",Crane & Rigging,eaustin@cubrgs.com,(713) 475-7181,https://www.cubrgs.com,TX,,,2018,C-Crane & Rigging,85,crane-rigging,"""CHART-UR-BAR, LLC"" owner OR CEO OR president site:linkedin.com"
"Clark Crane & Rigging, LLC",Crane & Rigging,clarkelliott@clarkcrane.com,(615) 422-LIFT,https://www.ClarkCrane.com,TN,,,2016,C-Crane & Rigging,85,crane-rigging,"""Clark Crane & Rigging, LLC"" owner OR CEO OR president site:linkedin.com"
Continental Machinery Movers of Kentucky,Crane & Rigging,gcobb@cmm-ky.com,(270) 843-3113,https://www.cmm-tn.com,KY,,,2015,C-Crane & RiggingM-Millwright,85,crane-rigging,"""Continental Machinery Movers of Kentucky"" owner OR CEO OR president site:linkedin.com"
"CraneWorks, LLC",Crane & Rigging,mevans@Crane-Works.com,(281) 219-7779,https://www.Crane-Works.com,TX,,,2018,C-Crane & Rigging,85,crane-rigging,"""CraneWorks, LLC"" owner OR CEO OR president site:linkedin.com"
"CraneWorks, LLC (B)",Crane & Rigging,jhenry@crane-works.com,(636) 495-6080,https://www.Crane-Works.com,MO,,,,C-Crane & Rigging,85,crane-rigging,"""CraneWorks, LLC (B)"" owner OR CEO OR president site:linkedin.com"
"CraneWorks, LLC (B)",Crane & Rigging,dcollis@Crane-Works.com,(913) 764-1315,https://www.Crane-Works.com,KS,,,,C-Crane & Rigging,85,crane-rigging,"""CraneWorks, LLC (B)"" owner OR CEO OR president site:linkedin.com"
"CraneWorks, LLC (B)",Crane & Rigging,jstrobel@Crane-Works.com,(303) 286-7555,https://www.Crane-Works.com,CO,,,,C-Crane & Rigging,85,crane-rigging,"""CraneWorks, LLC (B)"" owner OR CEO OR president site:linkedin.com"
"CraneWorks, LLC (B)",Crane & Rigging,Dmishler@crane-works.com,(760) 735-9793,https://www.Crane-Works.com,CA,,,,C-Crane & Rigging,85,crane-rigging,"""CraneWorks, LLC (B)"" owner OR CEO OR president site:linkedin.com"
"CraneWorks, LLC (B)",Crane & Rigging,gshank@Crane-Works.com,(407) 420-8320,https://www.Crane-Works.com,FL,,,,C-Crane & Rigging,85,crane-rigging,"""CraneWorks, LLC (B)"" owner OR CEO OR president site:linkedin.com"
"CraneWorks, LLC (B)",Crane & Rigging,lrygula@Crane-Works.com,(817) 562-7020,https://www.Crane-Works.com,TX,,,,C-Crane & Rigging,85,crane-rigging,"""CraneWorks, LLC (B)"" owner OR CEO OR president site:linkedin.com"
"CraneWorks, LLC (B)",Crane & Rigging,tyurkovitch@Crane-Works.com,(908) 842-8170,https://www.Crane-Works.com,NJ,,,,C-Crane & Rigging,85,crane-rigging,"""CraneWorks, LLC (B)"" owner OR CEO OR president site:linkedin.com"
CWS Rigging Services LLC,Crane & Rigging,andy@cwsrigging.com,(720) 527-9113,https://www.cwsrigging.com,,,,2025,C-Crane & Rigging,85,crane-rigging,"""CWS Rigging Services LLC"" owner OR CEO OR president site:linkedin.com"
D-Crane Rental LLC,Crane & Rigging,rob@d-crane.net,(859) 371-1218,https://www.d-cranerental.com,KY,,,2021,C-Crane & Rigging,85,crane-rigging,"""D-Crane Rental LLC"" owner OR CEO OR president site:linkedin.com"
"Foreman's Machinery Movers, LLC",Crane & Rigging,james@foremansmm.com,(561) 234-8758,https://www.foremansmm.com,NC,,,2025,C-Crane & RiggingM-Millwright,85,crane-rigging,"""Foreman's Machinery Movers, LLC"" owner OR CEO OR president site:linkedin.com"
Gruas Y Maniobras S.A.C.,Crane & Rigging,andrea.sanchez@gruasymaniobrasperu.com,51972144553,https://www.gruasymaniobrasperu.com,,,,2021,C-Crane & RiggingI-International,85,crane-rigging,"""Gruas Y Maniobras S.A.C."" owner OR CEO OR president site:linkedin.com"
Heartland Crane and Rigging LLC,Crane & Rigging,ross@heartlandcrane.com,(574) 722-3742,https://www.heartlandcrane.com,IN,,,2025,C-Crane & Rigging,85,crane-rigging,"""Heartland Crane and Rigging LLC"" owner OR CEO OR president site:linkedin.com"
Industrial Rigging Solutions,Crane & Rigging,info@i-rigging.com,27832762033,https://www.i-rigging.com,,,,2025,C-Crane & RiggingI-International,85,crane-rigging,"""Industrial Rigging Solutions"" owner OR CEO OR president site:linkedin.com"
IUOE Local 612,Crane & Rigging,todd@iuoe612.org,(253) 572-9612,https://www.iuoelocal612.org,WA,,,2020,C-Crane & Rigging,85,crane-rigging,"""IUOE Local 612"" owner OR CEO OR president site:linkedin.com"
"La Grange Crane Service, Inc.",Crane & Rigging,mbell@lagrangecrane.com,(708) 354-3510,https://www.lagrangecrane.com,IL,,,2013,C-Crane & Rigging,85,crane-rigging,"""La Grange Crane Service, Inc."" owner OR CEO OR president site:linkedin.com"
"Lakenen Crane and Rigging Service, LLC",Crane & Rigging,walker@lakenencrane.com,(906) 361-4561,https://Www.lakenencrane.com,MI,,,2023,C-Crane & RiggingM-Millwright,85,crane-rigging,"""Lakenen Crane and Rigging Service, LLC"" owner OR CEO OR president site:linkedin.com"
Lift Logic Crane,Crane & Rigging,info@liftlogiccrane.com,(919) 503-4686,https://Www.liftlogiccrane.com,NC,,,2025,C-Crane & Rigging,85,crane-rigging,"""Lift Logic Crane"" owner OR CEO OR president site:linkedin.com"
"Lovegreen Industrial Services, Inc.",Crane & Rigging,jdooley@lovegreen.com,(651) 206-3027,https://www.lovegreen.com,MN,,,2025,C-Crane & RiggingI-InternationalM-Millwright,85,crane-rigging,"""Lovegreen Industrial Services, Inc."" owner OR CEO OR president site:linkedin.com"
LV Crane & Rigging,Crane & Rigging,jason@lvcrane.com,(361) 491-0678,https://www.lvcrane.com,TX,,,2025,C-Crane & Rigging,85,crane-rigging,"""LV Crane & Rigging"" owner OR CEO OR president site:linkedin.com"
Machine Repair International dba Vezer Industrial Professionals,Crane & Rigging,Frank@vezervip.com,(707) 435-8082,https://www.vezervip.com,CA,,,2024,C-Crane & Rigging,85,crane-rigging,"""Machine Repair International dba Vezer Industrial Professionals"" owner OR CEO OR president site:linkedin.com"
McDonough Construction Rentals,Crane & Rigging,joe.galatas@onemcdonough.com,(713) 574-8100,https://www.onemcdonough.com,TX,,,2021,C-Crane & Rigging,85,crane-rigging,"""McDonough Construction Rentals"" owner OR CEO OR president site:linkedin.com"
Mid-Continent Crane,Crane & Rigging,haley@mccrane.cc,(918) 807-6911,https://www.mccrane.cc,OK,,,2023,C-Crane & Rigging,85,crane-rigging,"""Mid-Continent Crane"" owner OR CEO OR president site:linkedin.com"
"North Texas Crane Service, Inc.",Crane & Rigging,rob@northtexascrane.com,(972) 436-2500,https://www.northtexascrane.com,TX,,,2019,C-Crane & Rigging,85,crane-rigging,"""North Texas Crane Service, Inc."" owner OR CEO OR president site:linkedin.com"
Omega Crane Rental Services,Crane & Rigging,troyj@omegacrane.com,(334) 617-3292,https://www.omegacrane.com,AL,,,2017,C-Crane & Rigging,85,crane-rigging,"""Omega Crane Rental Services"" owner OR CEO OR president site:linkedin.com"
Orion,Crane & Rigging,msmith@orn.net,(407) 927-9541,https://www.oriongroupholdingsinc.com,FL,,,2024,C-Crane & RiggingI-International,85,crane-rigging,"""Orion"" owner OR CEO OR president site:linkedin.com"
"Padgett, Inc.",Crane & Rigging,rjpadgett@padgett-inc.com,(812) 945-2391,https://www.padgett-inc.com,IN,,,1991,C-Crane & RiggingM-Millwright,85,crane-rigging,"""Padgett, Inc."" owner OR CEO OR president site:linkedin.com"
"Padgett, Inc. (B)",Crane & Rigging,rjpadgett@padgett-inc.com,(812) 945-2391,https://www.padgett-inc.com,IN,,,,C-Crane & RiggingM-Millwright,85,crane-rigging,"""Padgett, Inc. (B)"" owner OR CEO OR president site:linkedin.com"
"Phoenix Crane Service, Inc.",Crane & Rigging,mknott@phoenixcrane.com,(404) 696-1522,https://www.phoenixcrane.com,GA,,,2016,C-Crane & Rigging,85,crane-rigging,"""Phoenix Crane Service, Inc."" owner OR CEO OR president site:linkedin.com"
"Racing Cargo USA, Inc. (B)",Crane & Rigging,Angelica.carrizales@racingcargo.com,+52 (81) 8248.8000,https://www.racingcargo.com,NL,,,,C-Crane & Rigging,85,crane-rigging,"""Racing Cargo USA, Inc. (B)"" owner OR CEO OR president site:linkedin.com"
Rocky Mountain Crane,Crane & Rigging,dusty@rockymtncranes.com,(208) 573-6889,https://www.rockymtncranes.com,ID,,,2024,C-Crane & Rigging,85,crane-rigging,"""Rocky Mountain Crane"" owner OR CEO OR president site:linkedin.com"
"Royal Crane Service, Inc.",Crane & Rigging,johnm@royalcrane.us,(708) 974-0832,https://www.royalcrane.us,IL,,,2003,C-Crane & Rigging,85,crane-rigging,"""Royal Crane Service, Inc."" owner OR CEO OR president site:linkedin.com"
The Sack Company,Crane & Rigging,erics@hasack.com,(912) 871-8771,https://www.thesackcompany.com,GA,,,2006,C-Crane & RiggingI-InternationalM-Millwright,85,crane-rigging,"""The Sack Company"" owner OR CEO OR president site:linkedin.com"
Trimble LLC,Crane & Rigging,barry.trimble@trimbleservices.com,(315) 963-2559,https://www.trimbleservices.com,NY,,,2023,C-Crane & RiggingM-Millwright,85,crane-rigging,"""Trimble LLC"" owner OR CEO OR president site:linkedin.com"
"TriStar Machine and Rigging, Inc",Crane & Rigging,joel@jbirket.net,(615) 581-7020,https://www.tsmandr.com,TN,,,2020,C-Crane & RiggingM-Millwright,85,crane-rigging,"""TriStar Machine and Rigging, Inc"" owner OR CEO OR president site:linkedin.com"
Uperio USA,Crane & Rigging,ingo.schiller@uperio-group.com,(703) 365-7888,https://www.uperiousa.com,AZ,,,2018,C-Crane & Rigging,85,crane-rigging,"""Uperio USA"" owner OR CEO OR president site:linkedin.com"
"Western Crane Service, Inc.",Crane & Rigging,jdavid.fields@wcsky.com,(270) 782-3407,https://www.westerncraneky.com,KY,,,2024,C-Crane & RiggingM-Millwright,85,crane-rigging,"""Western Crane Service, Inc."" owner OR CEO OR president site:linkedin.com"
WOLFFKRAN INC.,Crane & Rigging,m.herget@wolffkran.com,(347) 821-7655,https://https://www.wolffkran.com/website/en/us,TX,,,2014,C-Crane & RiggingI-International,85,crane-rigging,"""WOLFFKRAN INC."" owner OR CEO OR president site:linkedin.com"
"Yellowstone Crane & Rigging, Inc.",Crane & Rigging,luke@yellowstonecrane.com,(817) 319-4129,https://www.yellowstonecrane.com,TX,,,2022,C-Crane & Rigging,85,crane-rigging,"""Yellowstone Crane & Rigging, Inc."" owner OR CEO OR president site:linkedin.com"
256 Trucking LLC,Specialized Transport,jim@256truckinghsv.com,(256) 617-9576,https://www.256truckinghsv.com,AL,,,2024,T-Transportation,75,heavy-haul,"""256 Trucking LLC"" owner OR CEO OR president site:linkedin.com"
2CG SPECIALIZED TRANSPORTATION LLC,Specialized Transport,cgomez@2cg-specialized.com,(956) 382-2826,https://www.2cg-specialized.com,TX,,,2023,I-InternationalT-Transportation,75,heavy-haul,"""2CG SPECIALIZED TRANSPORTATION LLC"" owner OR CEO OR president site:linkedin.com"
406 Logistics And Dirt LLC,Specialized Transport,billy@406logistics.com,(406) 589-4783,https://www.406logistics.com,MT,,,2026,T-Transportation,75,heavy-haul,"""406 Logistics And Dirt LLC"" owner OR CEO OR president site:linkedin.com"
"A.J. McNulty & Co., Inc.",Crane & Rigging,rdoerr@ajmcnulty.com,(718) 784-1655,https://,NY,,,2019,C-Crane & Rigging,75,crane-rigging,"""A.J. McNulty & Co., Inc."" owner OR CEO OR president site:linkedin.com"
"Alan Farmer Trucking, Inc.",Specialized Transport,matt@aftrucking.com,(800) 413-3745,https://www.aftrucking.com,AL,,,2026,O-Oil FieldS-SteelT-Transportation,75,heavy-haul,"""Alan Farmer Trucking, Inc."" owner OR CEO OR president site:linkedin.com"
AlleyCat Crane Service,Crane & Rigging,alie@alleycatcrane.com,(617) 719-9632,https://,MA,,,2021,C-Crane & Rigging,75,crane-rigging,"""AlleyCat Crane Service"" owner OR CEO OR president site:linkedin.com"
Americas Machinery,Crane & Rigging,alexg@americasmachinery.com,+52 81 3434 5484,https://https://americasmachinery.com/,NL,,,2024,C-Crane & RiggingI-InternationalM-Millwright,75,crane-rigging,"""Americas Machinery"" owner OR CEO OR president site:linkedin.com"
Atlas Crane Service,Crane & Rigging,Admin@AtlasCraneService.com,(858) 748-6956,https://https://AtlasCraneService.com/,CA,,,2025,C-Crane & Rigging,75,crane-rigging,"""Atlas Crane Service"" owner OR CEO OR president site:linkedin.com"
Bar Baran Iran,Specialized Transport,farid@barbaraniran.com,2166462007,https://www.barbaraniran.com,,,,2025,T-Transportation,75,heavy-haul,"""Bar Baran Iran"" owner OR CEO OR president site:linkedin.com"
Barco Trucking LLC,Specialized Transport,barcoex@gmail.com,(435) 251-9253,https://www.barcotrucking.com,UT,,,2023,T-Transportation,75,heavy-haul,"""Barco Trucking LLC"" owner OR CEO OR president site:linkedin.com"
Bennett Motor Express,Specialized Transport,lawrence.fry@bennettig.com,(770) 957-1866,https://www.bennettig.com,GA,,,2015,I-InternationalO-Oil FieldS-SteelT-Transportation,75,heavy-haul,"""Bennett Motor Express"" owner OR CEO OR president site:linkedin.com"
"Bill Signs Trucking, LLC",Specialized Transport,mmorgan@billsignstrucking.com,(619) 249-6672,https://www.billsignstrucking.com,CA,,,2023,T-Transportation,75,heavy-haul,"""Bill Signs Trucking, LLC"" owner OR CEO OR president site:linkedin.com"
BOSS Crane & Rigging (B),Crane & Rigging,sam.watts@bosscrane.com,,https://www.bosscrane.com,TX,,,,C-Crane & Rigging,75,crane-rigging,"""BOSS Crane & Rigging (B)"" owner OR CEO OR president site:linkedin.com"
"BOSS Heavy Haul, LLC.",Specialized Transport,david.womack@bennettig.com,(832) 973-7095,https://www.bossheavyhaul.com,TX,,,2024,T-Transportation,75,heavy-haul,"""BOSS Heavy Haul, LLC."" owner OR CEO OR president site:linkedin.com"
"Catom Trucking, Inc.",Specialized Transport,Pete@catomtrucking.com,(630) 208-8442,https://www.catomtrucking.com,IL,,,2017,T-Transportation,75,heavy-haul,"""Catom Trucking, Inc."" owner OR CEO OR president site:linkedin.com"
Centennial Transport Services,Specialized Transport,luis@century-rentals.com,(915) 858-4454,https://www.century-rentals.com,TX,,,2022,T-Transportation,75,heavy-haul,"""Centennial Transport Services"" owner OR CEO OR president site:linkedin.com"
"Coastal Heavy Haulers, LLC",Specialized Transport,rogers@coastalheavyhaulers.com,(337) 316-9561,https://www.coastalheavyhaulers.com,LA,,,2025,T-Transportation,75,heavy-haul,"""Coastal Heavy Haulers, LLC"" owner OR CEO OR president site:linkedin.com"
Complex Cargo / PACT,Specialized Transport,seanko@complexcargo.com,(407) 785-9603,https://www.complexcargo.com,FL,,,2024,T-Transportation,75,heavy-haul,"""Complex Cargo / PACT"" owner OR CEO OR president site:linkedin.com"
CR Transport,Specialized Transport,johnriley@crtrans.biz,(815) 634-4443,https://www.crtans.biz,IL,,,2025,O-Oil FieldS-SteelT-Transportation,75,heavy-haul,"""CR Transport"" owner OR CEO OR president site:linkedin.com"
Crane Solutions,Specialized Transport,tobin.anthony@cranesolutionsllc.com,(972) 523-6054,https://www.cranesolutionsllc.com,TX,,,2024,T-Transportation,75,heavy-haul,"""Crane Solutions"" owner OR CEO OR president site:linkedin.com"
"CraneWorks, LLC (B)",Crane & Rigging,lrygula@Crane-Works.com,,https://www.Crane-Works.com,TX,,,,C-Crane & Rigging,75,crane-rigging,"""CraneWorks, LLC (B)"" owner OR CEO OR president site:linkedin.com"
"CraneWorks, LLC (B)",Crane & Rigging,jstrobel@crane-works.com,,https://www.Crane-Works.com,ND,,,,C-Crane & Rigging,75,crane-rigging,"""CraneWorks, LLC (B)"" owner OR CEO OR president site:linkedin.com"
"Cudd Pressure Control, Inc.",Specialized Transport,justin.gandy@thrutubing.com,(405) 692-1900,https://www.cudd.com,OK,,,2021,S-SteelT-Transportation,75,heavy-haul,"""Cudd Pressure Control, Inc."" owner OR CEO OR president site:linkedin.com"
Curzon Transportation Inc,Specialized Transport,Wesley@curzontransportation.com,(925) 525-5293,https://www.Curzontransportation.com,CA,,,2024,T-Transportation,75,heavy-haul,"""Curzon Transportation Inc"" owner OR CEO OR president site:linkedin.com"
"D/C Transport, Inc.",Specialized Transport,domjr@dcexport.com,(847) 593-4200,https://www.dctransport.com,IL,,,1993,T-Transportation,75,heavy-haul,"""D/C Transport, Inc."" owner OR CEO OR president site:linkedin.com"
"D/C Transport, Inc. (B)",Specialized Transport,domjr@dcexport.com,(847) 593-4200,https://www.dcexport.com,TX,,,,T-Transportation,75,heavy-haul,"""D/C Transport, Inc. (B)"" owner OR CEO OR president site:linkedin.com"
"D/C Transport, Inc. (B)",Specialized Transport,domjr@dcexport.com,(847) 593-4200,https://www.dctransport.com,CA,,,,T-Transportation,75,heavy-haul,"""D/C Transport, Inc. (B)"" owner OR CEO OR president site:linkedin.com"
"D/C Transport, Inc. (B)",Specialized Transport,domjr@dcexport.com,(847) 593-4200,https://www.dctransport.com,GA,,,,T-Transportation,75,heavy-haul,"""D/C Transport, Inc. (B)"" owner OR CEO OR president site:linkedin.com"
"D/C Transport, Inc. (B)",Specialized Transport,domjr@dcexport.com,(847) 593-4200,https://www.dctransport.com,SC,,,,T-Transportation,75,heavy-haul,"""D/C Transport, Inc. (B)"" owner OR CEO OR president site:linkedin.com"
"D/C Transport, Inc. (B)",Specialized Transport,davids@dcexport.com,(864) 989-0434,https://www.dctransport.com,SC,,,,T-Transportation,75,heavy-haul,"""D/C Transport, Inc. (B)"" owner OR CEO OR president site:linkedin.com"
"Dash Point Distributing, LLC",Specialized Transport,robd@dashpointservices.com,(253) 606-7327,https://www.dashpointservices.com,WA,,,2024,T-Transportation,75,heavy-haul,"""Dash Point Distributing, LLC"" owner OR CEO OR president site:linkedin.com"
DMH Services Inc.,Specialized Transport,DougHolden@DMHServicesinc.com,(262) 770-0158,https://www.dmhservicesinc.com,WI,,,2020,T-Transportation,75,heavy-haul,"""DMH Services Inc."" owner OR CEO OR president site:linkedin.com"
Double M Trucking Inc.,Specialized Transport,mbult@doublemtruckinginc.com,(708) 418-1076,https://www.doublemtruckinginc.com,IL,,,1998,T-Transportation,75,heavy-haul,"""Double M Trucking Inc."" owner OR CEO OR president site:linkedin.com"
Elman Trucking Inc,Specialized Transport,elmantruckin@gmail.com,(708) 773-0189,https://www.elamnantruckinginc.com,IL,,,2025,T-Transportation,75,heavy-haul,"""Elman Trucking Inc"" owner OR CEO OR president site:linkedin.com"
Giltner Heavy Haul,Specialized Transport,jchristiana@giltner.com,(770) 334-8558,"https://www.giltnerheavyhaul.com

",GA,,,2020,I-InternationalO-Oil FieldT-Transportation,75,heavy-haul,"""Giltner Heavy Haul"" owner OR CEO OR president site:linkedin.com"
Heavy Rigging International,Crane & Rigging,jpgutierrez@heavyrigging.mx,+52 8118485012,https://https://heavyrigging.mx/,NL,,,2024,C-Crane & RiggingI-International,75,crane-rigging,"""Heavy Rigging International"" owner OR CEO OR president site:linkedin.com"
Highway Heavy Hauling,Specialized Transport,kristine@hwytransport.com,(503) 747-2222,https://www.hwyheavyhauling.com,OR,,,2017,T-Transportation,75,heavy-haul,"""Highway Heavy Hauling"" owner OR CEO OR president site:linkedin.com"
"ICE Service Group, Inc.",Specialized Transport,gchirgott@iceservicegroup.com,(724) 650-6863,https://www.iceservicegroup.com,PA,,,2023,T-Transportation,75,heavy-haul,"""ICE Service Group, Inc."" owner OR CEO OR president site:linkedin.com"
IUOE Local 15 Training Center,Crane & Rigging,patrickp@iuoe15.org,(718) 835-0400,https://,NY,,,2019,C-Crane & Rigging,75,crane-rigging,"""IUOE Local 15 Training Center"" owner OR CEO OR president site:linkedin.com"
Jordan Carriers,Specialized Transport,charleya@jordancarriers.com,(601) 446-1044,https://www.jordancarriers.com,MS,,,2023,T-Transportation,75,heavy-haul,"""Jordan Carriers"" owner OR CEO OR president site:linkedin.com"
Landstar - Shasko Global Logistics LLC,Specialized Transport,troy@shasko.com,(724) 798-8322,https://www.shaskoglobal.com,PA,,,2020,T-Transportation,75,heavy-haul,"""Landstar - Shasko Global Logistics LLC"" owner OR CEO OR president site:linkedin.com"
"Landstar JRG / Success Transportation, Inc.",Specialized Transport,lisa@landstarjrg.com,(214) 673-7382,https://www.landstarjrg.com,TX,,,2026,T-Transportation,75,heavy-haul,"""Landstar JRG / Success Transportation, Inc."" owner OR CEO OR president site:linkedin.com"
"Landstar Transportation Logistics, Inc.",Specialized Transport,japplegate@landstar.com,(904) 390-4876,https://www.landstar.com,FL,,,1991,T-Transportation,75,heavy-haul,"""Landstar Transportation Logistics, Inc."" owner OR CEO OR president site:linkedin.com"
Larkin Express,Specialized Transport,stelling@larkinexpress.com,(843) 410-4850,https://www.larkinexpress.com,TN,,,2023,T-Transportation,75,heavy-haul,"""Larkin Express"" owner OR CEO OR president site:linkedin.com"
"Leavitt Cranes USA, Inc",Crane & Rigging,erickz@leavittcranes.com,,https://www.leavittcranes.com,WA,,,2018,C-Crane & Rigging,75,crane-rigging,"""Leavitt Cranes USA, Inc"" owner OR CEO OR president site:linkedin.com"
"Lee Transportation, Inc",Specialized Transport,richj@leetransportation.us,(810) 441-8089,https://www.leetransportation.us,MI,,,2025,T-Transportation,75,heavy-haul,"""Lee Transportation, Inc"" owner OR CEO OR president site:linkedin.com"
LiftHigh Crane & Rigging,Crane & Rigging,sland@lifthighcrane.com,(713) 202-3807,https://,TX,,,2025,C-Crane & Rigging,75,crane-rigging,"""LiftHigh Crane & Rigging"" owner OR CEO OR president site:linkedin.com"
"Lone Star Transportation, LLC",Specialized Transport,doug.miller@lonestar-llc.com,(817) 306-1000,https://www.lonestar-llc.com,TX,,,1991,O-Oil FieldS-SteelT-Transportation,75,heavy-haul,"""Lone Star Transportation, LLC"" owner OR CEO OR president site:linkedin.com"
Long Road Transportation LLC,Specialized Transport,info@longroad.one,(425) 800-4609,https://www.longroad.one,WA,,,2025,S-SteelT-Transportation,75,heavy-haul,"""Long Road Transportation LLC"" owner OR CEO OR president site:linkedin.com"
McCollisters Global Services,Specialized Transport,cmanford@mccollisters.com,(734) 516-1039,https://www.mccollisters.com,NJ,,,2024,T-Transportation,75,heavy-haul,"""McCollisters Global Services"" owner OR CEO OR president site:linkedin.com"
Powersource Transportation,Specialized Transport,-Barb@powersourcetrans.com,(800) 438-8789,https://www.powersourcetrans.com,IN,,,2026,T-Transportation,75,heavy-haul,"""Powersource Transportation"" owner OR CEO OR president site:linkedin.com"
Reeve Trucking Company Inc.,Specialized Transport,bprotz@reevetrucking.com,(209) 948-4061,https://www.reevetrucking.com,CA,,,2016,T-Transportation,75,heavy-haul,"""Reeve Trucking Company Inc."" owner OR CEO OR president site:linkedin.com"
Reliable Transport LLC,Specialized Transport,luke@reliabletransportoh.com,(937) 684-8392,https://www.Relibaleheavyhaul.com,OH,,,2024,T-Transportation,75,heavy-haul,"""Reliable Transport LLC"" owner OR CEO OR president site:linkedin.com"
RGM Transport,Specialized Transport,ryan@rgmtransport.com,(717) 507-6601,https://www.rgmtransport.com,PA,,,2025,T-Transportation,75,heavy-haul,"""RGM Transport"" owner OR CEO OR president site:linkedin.com"
"RLS Specialized Transport, Inc.",Specialized Transport,lpuente@rlsint.com,(956) 712-8101,https://www.rlsint.com,TX,,,2025,T-Transportation,75,heavy-haul,"""RLS Specialized Transport, Inc."" owner OR CEO OR president site:linkedin.com"
Silk Road Specialized LLC,Specialized Transport,tharaty@srs.net,(607) 295-7406,https://www.srs.net,NY,,,2020,T-Transportation,75,heavy-haul,"""Silk Road Specialized LLC"" owner OR CEO OR president site:linkedin.com"
Taylor Transport,Specialized Transport,brittanynelson@taylortruck.net,(770) 387-7500,https://www.taylortruck.net,GA,,,2016,T-Transportation,75,heavy-haul,"""Taylor Transport"" owner OR CEO OR president site:linkedin.com"
Total Energy Corp,Specialized Transport,rarmentano@totalenergy.com,(914) 276-0490,https://www.totalenergy.com,OK,,,2025,T-Transportation,75,heavy-haul,"""Total Energy Corp"" owner OR CEO OR president site:linkedin.com"
TPH-Project Services LLC,Crane & Rigging,padraigtarrant@msn.com,(917) 597-2000,https://,NY,,,2024,C-Crane & RiggingI-International,75,crane-rigging,"""TPH-Project Services LLC"" owner OR CEO OR president site:linkedin.com"
TransMaster Trailers/Master Solutions Inc.,Specialized Transport,rdiemer@mastersi.com,(717) 243-6849,https://www.transmastertrailers.com,PA,,,2011,T-Transportation,75,heavy-haul,"""TransMaster Trailers/Master Solutions Inc."" owner OR CEO OR president site:linkedin.com"
Trans-United Inc.,Specialized Transport,jfleming@transunited.com,(219) 762-3111,https://www.transunited.com,IN,,,1996,S-SteelT-Transportation,75,heavy-haul,"""Trans-United Inc."" owner OR CEO OR president site:linkedin.com"
"UACL Specialized, LLC.",Specialized Transport,DPickens@uacl.com,(281) 253-6529,https://www.uacl.com,TX,,,2025,T-Transportation,75,heavy-haul,"""UACL Specialized, LLC."" owner OR CEO OR president site:linkedin.com"
"V. Van Dyke, Inc",Specialized Transport,khufford@vvandyke.com,(253) 272-2222,https://www.vvandyke.com,WA,,,2016,T-Transportation,75,heavy-haul,"""V. Van Dyke, Inc"" owner OR CEO OR president site:linkedin.com"
Wildcat Heavy Haul,Specialized Transport,matthew@wildcatheavyhaul.com,(985) 399-2111,https://WWW.WILDCATHEAVYHAUL.COM,TX,,,2025,O-Oil FieldT-Transportation,75,heavy-haul,"""Wildcat Heavy Haul"" owner OR CEO OR president site:linkedin.com"
Coyson Transportation,Specialized Transport,jfink@coyson.com,(620) 330-3699,https://,OK,,,2025,T-Transportation,65,heavy-haul,"""Coyson Transportation"" owner OR CEO OR president site:linkedin.com"
Frontier Heavy Haul & Support Inc.,Specialized Transport,danc@frontierhhs.com,(928) 587-6509,https://,TX,,,2020,O-Oil FieldT-Transportation,65,heavy-haul,"""Frontier Heavy Haul & Support Inc."" owner OR CEO OR president site:linkedin.com"
MB Transport LLC,Specialized Transport,jb4mbtransport@gmail.com,(570) 847-8686,https://,PA,,,2026,T-Transportation,65,heavy-haul,"""MB Transport LLC"" owner OR CEO OR president site:linkedin.com"
North American Specialized Transport,Specialized Transport,jruhlman@naspecialized.com,(586) 203-2600,https://,MI,,,2016,I-InternationalS-SteelT-Transportation,65,heavy-haul,"""North American Specialized Transport"" owner OR CEO OR president site:linkedin.com"
Palco Transportation LLC,Specialized Transport,amberpalecek@outlook.com,(609) 306-5038,https://,NJ,,,2018,T-Transportation,65,heavy-haul,"""Palco Transportation LLC"" owner OR CEO OR president site:linkedin.com"